block_num,txn_hash,token_x,token_y,sender,opt,opt_time,amount
4531407,0xadc5a07a7a2d38cee8b3d3257d50bb2f63c47b594aefde33d83c4a651f1e1a2e,STC::STC,STAR::STAR,0x8c109349c6bd91411d6bc962e080c4a3,remove_liquidity,2022-03-05 04:38:36,63243553202367
4528512,0xd9b5981ed48e14d128eef5e01b516289393f5ed4e4350a2436fc25a9ebfc7684,STC::STC,FAI::FAI,0x5e3596e11c09fb16790e8310d8e3bff1,add_liquidity,2022-03-05 00:35:26,"(17530000000000, 1753000000000)"
4538307,0x810d45be201021de89e3ac2c7055ffe4eedd3946de8acba188184caefa3a2df7,STC::STC,STAR::STAR,0x8c109349c6bd91411d6bc962e080c4a3,multiplier,2022-03-05 14:21:25,30
4538309,0xf6a1f9ec96ead912a9891616baada344987fd95bf9e4fbe985d06b8cab049f34,STC::STC,FAI::FAI,0x8c109349c6bd91411d6bc962e080c4a3,multiplier,2022-03-05 14:21:32,10
4538479,0xe5df0e7bc1b5181728ff14a657eae44e8ae599e2372b662946e8d837d6e862fe,STC::STC,STAR::STAR,0xb59c26170ec3df8652bdc83b387738e0,add_liquidity,2022-03-05 14:36:00,"(154840018791, 730000000000)"
4538591,0xe228628de3d2ebbcea159f54b185ab2dc70222e73a4a39194f3d0e9312a948ad,STC::STC,STAR::STAR,0x14cc2bd5ca969a3b43375bfeb54b51c2,add_liquidity,2022-03-05 14:45:16,"(100000000000, 471454347330)"
4538638,0x9ae1bee6da3b101f8711bf84f9407297569e8a667b5758b1e3116eb85fbc54c4,STC::STC,FAI::FAI,0x2370df831df9220a9814f484893c97fe,remove_liquidity,2022-03-05 14:49:08,6512006077573
4538642,0xbb45426a213042195757ea764c2339b9a3bf8fac528d49dc9153134303c7966d,STC::STC,STAR::STAR,0x14cc2bd5ca969a3b43375bfeb54b51c2,remove_liquidity,2022-03-05 14:49:32,216630542387
4538649,0x68a92984950446a7b907d340cc90b7ed777b75638325627a677982670a012913,STC::STC,STAR::STAR,0x8da6ffcecb172829ed8b32667dbe9441,add_liquidity,2022-03-05 14:49:57,"(6509739441, 30613231539)"
4538684,0x23a256aa4de030c097dd23eeba9fae1e4d4438a9cc4866fe63f464ebd4f22f10,STC::STC,STAR::STAR,0x2370df831df9220a9814f484893c97fe,add_liquidity,2022-03-05 14:53:00,"(31801205845387, 132674598475446)"
4538718,0xcbc3638ccba39363a79e0f4015455fd822aeae087df5e7c4bd7d24a0d4780e4e,STC::STC,FAI::FAI,0x8da6ffcecb172829ed8b32667dbe9441,add_liquidity,2022-03-05 14:55:50,"(5888553067, 529607058)"
4538871,0xbbf9bb9cb3c5f475193edcf28822de456646547560bb204a0bf2fd0de2da4a63,STC::STC,STAR::STAR,0x2370df831df9220a9814f484893c97fe,add_liquidity,2022-03-05 15:09:02,"(15372961502366, 60799294146484)"
4538896,0xc4bc3c20da10ceda6fe3f0ecdc1828fd7f04cbf259d83c7638a7b9096f72e882,STC::STC,STAR::STAR,0x8da6ffcecb172829ed8b32667dbe9441,add_liquidity,2022-03-05 15:10:49,"(43865918664, 173598382636)"
4538969,0xf888fd415bc40c80f632e22e5de20c29db6c5334c218d1b220e90604ceec5106,STC::STC,FAI::FAI,0xc2994c093ae3d677365247bacf1be62e,add_liquidity,2022-03-05 15:16:41,"(6000000000000, 539630417146)"
4537005,0x5ff72c21809fc171f4a74fafefbe7c802bb983d7f824e5e911775e3b58668554,STC::STC,FAI::FAI,0x16c18267bc7066489b300ea431c08ee9,remove_liquidity,2022-03-05 12:32:12,32632841618
4537053,0xc439d7ac76d6391b69d65fef6e59a1750f26c28bc6f45fb9d010b870c4961de7,STC::STC,FAI::FAI,0x5d2b0cd44dd24ab3c4f490dad0f1189d,remove_liquidity,2022-03-05 12:36:17,1551805574609
4537088,0xfc086765341ba12367931aa0f24611d10b746e4084ee5b8b89b1b250fc33866c,STC::STC,STAR::STAR,0x0832ec2553244fe9607135d2d5e78d28,add_liquidity,2022-03-05 12:38:58,"(598935310636, 2767219344668)"
4537163,0xd6bde46ee2aedfb7efad67f3b7a3db89ca05fd7c45eba23ef3c0e54176c8b39d,STC::STC,FAI::FAI,0x0a6fbf3d68c68a0676e5ae90f180668a,remove_liquidity,2022-03-05 12:45:07,1248652535736
4537174,0x1175cc4dd6eaf53eaa997a7df3d371de2da0785a7c7e1edb4a41c60019662ac8,STC::STC,STAR::STAR,0x0a6fbf3d68c68a0676e5ae90f180668a,remove_liquidity,2022-03-05 12:46:06,42437388183
4537407,0xe5a8e6a199f32b1eb9a41486e36b33431322138030aa4680791ca8c5a0496ce3,STC::STC,FAI::FAI,0xfaadbe019f379e850e5aceb4a68c4aaa,remove_liquidity,2022-03-05 13:06:13,2675177166540
4537589,0x052c61d0e9ca65783dfbb5da1e71124e5c70ba4647d3b6118728f6e82c6b5fc7,STC::STC,STAR::STAR,0x2c58cace2f326c8f833aa4d072ebebc3,add_liquidity,2022-03-05 13:21:20,"(3305946942276, 15306923654949)"
4537591,0xfbc403068dbd53c5efe3e5c76e1409d297ecfab2fad2ad54522c6ecba01d12b4,STC::STC,STAR::STAR,0x500ce92aafc82117f76d98a6a3d558ac,add_liquidity,2022-03-05 13:21:24,"(29719865210, 137606475772)"
4537660,0xc9413f182a8f4842070e0153f6ba18c8153a456383817baef12b05513249ded2,STC::STC,FAI::FAI,0x2c58cace2f326c8f833aa4d072ebebc3,add_liquidity,2022-03-05 13:27:26,"(3587789550402, 323049995918)"
4540055,0x6b03d99bf2ef35dce21dd53a711a4f6bbc715ff633cc4788d7a957195745c50f,STC::STC,FAI::FAI,0x16c18267bc7066489b300ea431c08ee9,add_liquidity,2022-03-05 16:49:45,"(119562487173, 10754216080)"
4540142,0x1aef003cdc05a2c08c7b4f0cd95a146e0f669f3352646e3a719f0060438501a3,STC::STC,FAI::FAI,0x225ecea9209e1e72241ff104a63ed1ca,add_liquidity,2022-03-05 16:56:49,"(2805000000000, 252855302931)"
4540147,0x271ac22b818252fa7df92d093d0fbc781e5d67b091f9a95d7c0282de3be0d571,STC::STC,STAR::STAR,0x16c18267bc7066489b300ea431c08ee9,add_liquidity,2022-03-05 16:57:08,"(998574019460, 3600093816726)"
4540149,0x8b5a8ee15d2338bcec616e4736efd556c8fcf05e5f4c01bdc19aedf0f571e9dd,STC::STC,FAI::FAI,0xb01a3b6cd6a2beb1de4198e9c3f38ab4,remove_liquidity,2022-03-05 16:57:15,24000000000
4540179,0x6ab703974fe975b55a8cf0d4a3dbda147a68de5ef8a0e015c0d5ef5f6a2e7432,STC::STC,STAR::STAR,0x9749fb17f65fe5f5b83ded7b69436582,add_liquidity,2022-03-05 16:59:52,"(71888345471, 259174365630)"
4540242,0x3a6c8b0a7c0bae7f8b2b9f4a2b7d26564b675cb3a717a092970bde03875cd796,STC::STC,FAI::FAI,0x209e17afae34552855cf518487e065c2,add_liquidity,2022-03-05 17:05:57,"(449500558944, 40520000000)"
4540242,0x08ec0586df4674c669ee6a980774bdc34669f2f4f1a3547dfc770f1920e8e1dd,STC::STC,FAI::FAI,0x2c58cace2f326c8f833aa4d072ebebc3,add_liquidity,2022-03-05 17:05:57,"(37395462073004, 3370994969962)"
4540282,0x24ade83240f90a4a0c6f7e6a836af30433639510a4e5dfe5a546241ba550f0a9,STC::STC,FAI::FAI,0x2c58cace2f326c8f833aa4d072ebebc3,add_liquidity,2022-03-05 17:09:03,"(37458372349293, 3376665984924)"
4540335,0xa69a4b35b2b3b1f8f76f288d40e16a6581e41d6a9403cec7d4d2d8de5539688a,STC::STC,STAR::STAR,0xe355f99ec18b26ac9251e6deb57c09ac,add_liquidity,2022-03-05 17:13:28,"(384283602417, 1406214130477)"
4540409,0xef65b9b45d125b4c77b07418441aca17b9bcd8133491af01b5a7f4559afe447c,STC::STC,STAR::STAR,0xe355f99ec18b26ac9251e6deb57c09ac,add_liquidity,2022-03-05 17:19:48,"(44868253881, 164163218751)"
4540552,0xdcfca40d31adc1ef2bb35487c805f3843fe7a5146b61427b173ccf8f5440185a,STC::STC,STAR::STAR,0x005e035df2ad0b1e5128da097d028f2c,add_liquidity,2022-03-05 17:31:38,"(498901655503, 1822438765902)"
4540642,0x6a9d24e1b3db4e9bcc52533880ede3ea2b58397cb1212f5669d4218c0aa87c69,STC::STC,FAI::FAI,0xfaadbe019f379e850e5aceb4a68c4aaa,add_liquidity,2022-03-05 17:39:11,"(13311961271811, 1200000000000)"
4540695,0x2275165cb9de82b83e13e9971b91dc19fc067acefc4b7822d257fb6f648886a6,STC::STC,STAR::STAR,0x4d19e39322e77b0584bff62f6cd1f5db,add_liquidity,2022-03-05 17:43:46,"(2090666993910, 7637001269213)"
4540709,0x028f9b8521b37f9aaf1e025d194ba63f0448b75d82dbf9e8009e4b1567bd6ce8,STC::STC,STAR::STAR,0x4d19e39322e77b0584bff62f6cd1f5db,add_liquidity,2022-03-05 17:45:06,"(2095089108274, 7653154818827)"
4540737,0x3c6aa70ed6a7c3557a0b31748a5ab7cefbcd2f385a809c9de1c0f47e959905b6,STC::STC,STAR::STAR,0x4d19e39322e77b0584bff62f6cd1f5db,add_liquidity,2022-03-05 17:47:01,"(3462304988286, 12651777223406)"
4540777,0x57d4c034b604ab58d143fd600eb32cb154a142e0f8f3fed6994fa7385bc07fff,STC::STC,STAR::STAR,0x3bc807ebad5355bef52dd0c915ecd8ea,add_liquidity,2022-03-05 17:50:27,"(15305181649766, 53378249571079)"
4540930,0xaf796079e967bfa679eb9e35de09f4ae4c79d5bdc797430560fd18b6eafe0325,STC::STC,FAI::FAI,0x76a45fbf9631f68eb09812a21452e38e,add_liquidity,2022-03-05 18:03:23,"(42487343059198, 3830000000000)"
4540938,0xc00c53c20da0de6aab51e2905187b879a9c228cb722182748677440d02fa6889,STC::STC,STAR::STAR,0x890c7d48c047d01dea2a06b9dd025032,add_liquidity,2022-03-05 18:03:57,"(28043364084, 98144010703)"
4540960,0x7cf03a9bd027a679044c2e7b62cab9bb1a0a94d89d620011a17c301bf2a783b7,STC::STC,STAR::STAR,0xd290d389077f6ba404520cf2a40a6f46,add_liquidity,2022-03-05 18:05:55,"(24627273013, 86188637671)"
4540981,0x6613691919f15e09f11a8744ca80a68abf3f7f79fe5c98d4626881efc52ae8e8,STC::STC,STAR::STAR,0x6bf40816f188ba5a49c523d579d7442b,add_liquidity,2022-03-05 18:07:30,"(21227144727, 73572893637)"
4540986,0x00eaf7dd6928f0de43153bbb63742b850db189ea0c116e67b47c1ee7faeed8ba,STC::STC,STAR::STAR,0x91ac0ee4f6421421b07cd0d0d9d0ca73,add_liquidity,2022-03-05 18:07:44,"(3205698323138, 11111629146704)"
4534134,0xe70c280593a1c495003deb19491a3c87c5304ca56b968b5e256607540bb9bba4,STC::STC,STAR::STAR,0x298019b7255d997a73dc933a6b8ff514,remove_liquidity,2022-03-05 08:27:12,532420766
4534185,0xef7cc403ca77157a1eb46f3980b91cc28c0f91b88c4ba32c0ae97e3a48f793ff,STC::STC,FAI::FAI,0x0c357315f9351540114596324f41006e,add_liquidity,2022-03-05 08:32:28,"(963124780000, 100000000000)"
4534214,0x69a946fed6c4a52ce0c4b3285e5f519cef41b718234d841847e68c3440a8593d,STC::STC,FAI::FAI,0x8769fe40ff8c86661e1a47b88017e7c5,remove_liquidity,2022-03-05 08:34:53,2061424144357
4534279,0x218b4a94f9d72ffb462fa08c517559e27ae464fbf4ac70b7647f2041a5177449,STC::STC,FAI::FAI,0x0c357315f9351540114596324f41006e,add_liquidity,2022-03-05 08:40:41,"(963124780000, 962161714439264)"
4534406,0x098e95e3fd1d2fb65eb25ccf7bca1a9c7b69fe0e46c47c239448fdc3c6dec8c1,STC::STC,FAI::FAI,0x5e3596e11c09fb16790e8310d8e3bff1,remove_liquidity,2022-03-05 08:51:51,5526593782679
4534421,0x33f5a4ec5207f8c65f0bfaef8ccbcc8946e102ab67c65a474ffb89be42d2562c,STC::STC,STAR::STAR,0xb9396108e5d78320e9944e780a3329fa,remove_liquidity,2022-03-05 08:52:59,20000000
4534480,0x9915808e9ad3512e9e0a5996c99ac392c95972b4752f5d021b4837510183a1bc,STC::STC,FAI::FAI,0x0d735c4ba0f540cbb287312f3e137596,remove_liquidity,2022-03-05 08:58:05,123478564470
4534498,0x4c1d43db466639ee6ce154ef84fc8042b6137b9583865f3ea8c40e076c89b009,STC::STC,STAR::STAR,0x8c109349c6bd91411d6bc962e080c4a3,add_liquidity,2022-03-05 09:00:01,"(180000000000000, 179900000000000)"
4534530,0x301672982ff674de5c135c6d808bf103a31974a77960b276caf3f7118b6cf129,STC::STC,STAR::STAR,0x8c109349c6bd91411d6bc962e080c4a3,remove_liquidity,2022-03-05 09:03:06,4449718092
4534601,0xb01466a15720a3c101cc184542313bb61644aeb6b29c64cca458846a390231f9,STC::STC,STAR::STAR,0x8c109349c6bd91411d6bc962e080c4a3,remove_liquidity,2022-03-05 09:08:44,56908162747006
4534625,0xd89e2a41e3051f6a7beed6c55a39589f06a1f54ed858325b101a376ad6ae0041,STC::STC,STAR::STAR,0x8c109349c6bd91411d6bc962e080c4a3,add_liquidity,2022-03-05 09:10:39,"(180000000000000, 1799000000000000)"
4534665,0x8e324e249eb4e89fe402d5c8eb9df2b58a672965b54f8b1304282378721ec600,STC::STC,STAR::STAR,0x8c109349c6bd91411d6bc962e080c4a3,remove_liquidity,2022-03-05 09:14:35,525237730767970
4534672,0x6e3c3eee392e1014feea26e85798910b3c84e13c8cf6185c72e39fd96ba9afe1,STC::STC,STAR::STAR,0xc2d50b7909392faa2a7b353675ce8ad9,add_liquidity,2022-03-05 09:15:17,"(2179309971649, 18055645835928)"
4534720,0x16b2c4ea6a1d9075f2b09bbe956515757cdde9341e69d9af64a0a30b4e17d2f2,STC::STC,FAI::FAI,0x40a23a5490466de08ee93f1babe93a9d,add_liquidity,2022-03-05 09:19:33,"(33324117401, 3460000000)"
4534869,0x2e25e0a7ee9f4b223791d708d500bd89c13c1dd36728cd472926e2991d388be1,STC::STC,STAR::STAR,0x8c109349c6bd91411d6bc962e080c4a3,add_liquidity,2022-03-05 09:32:19,"(180000000000000, 1799000000000000)"
4534896,0x4549d051da38c86c38f1a162952f3bee761876ac5cb20835666c2db93ea9cc7f,STC::STC,STAR::STAR,0x8c109349c6bd91411d6bc962e080c4a3,multiplier,2022-03-05 09:34:54,30
4534899,0x57853e49b45d407ab7a6f71ce20009b0b1089ccb78a4f8457dace4ea46c0c9dc,STC::STC,FAI::FAI,0x8c109349c6bd91411d6bc962e080c4a3,multiplier,2022-03-05 09:34:58,10
4534930,0x7b53b909435159fb675c444dabe193aed68bd52c21baf80a268678464ae4d9f7,STC::STC,STAR::STAR,0x8c109349c6bd91411d6bc962e080c4a3,activation,2022-03-05 09:37:39,"(True, b'')"
4534934,0x847e399b41e5d5ab00bfc0aefa78826798216df3102a5a427ad650d1a32dcf01,STC::STC,FAI::FAI,0x8c109349c6bd91411d6bc962e080c4a3,activation,2022-03-05 09:37:48,"(True, b'')"
4539000,0xd171b520f1d9cb0424a06112be816376d893d22be6604d4fb6db11837634c865,STC::STC,FAI::FAI,0xc2994c093ae3d677365247bacf1be62e,add_liquidity,2022-03-05 15:19:48,"(600000000000, 53963041714)"
4539117,0x2bf1e1bb421fdb347280b0b3659422cbfcecafbab0d506bc2f63839f23017fd4,STC::STC,STAR::STAR,0x8da6ffcecb172829ed8b32667dbe9441,add_liquidity,2022-03-05 15:29:15,"(6485601275, 25666032822)"
4539138,0x7661949fe5248342a36de3d8766cc5f035a953f7450902205c5cbc75fd3ba4d5,STC::STC,STAR::STAR,0x9749fb17f65fe5f5b83ded7b69436582,add_liquidity,2022-03-05 15:31:03,"(68360807261, 270530155723)"
4539170,0x2ab6e63a430fdba633803819728f31e64fddcb27bc26bb18bf75d3d5d4a3534a,STC::STC,STAR::STAR,0x8da6ffcecb172829ed8b32667dbe9441,add_liquidity,2022-03-05 15:33:51,"(49884734502, 197378422390)"
4539254,0x722fd526cd50419fd4cd51ea089fbb1b321f08e394956a2fe07754bbbbef11a6,STC::STC,STAR::STAR,0xb9c17e73f4d6eac8c88ba0f296fe4ce5,add_liquidity,2022-03-05 15:40:50,"(12213245705163, 46378581356143)"
4539288,0x25c3a312a416642eaf4547ea2c7c30b54730678079efab0dc3be13c7b2730438,STC::STC,STAR::STAR,0xb9c17e73f4d6eac8c88ba0f296fe4ce5,add_liquidity,2022-03-05 15:43:18,"(11169965249451, 40892476810411)"
4539315,0x46cfce15080da1dd04c863ded49f61d43804910426ed8aeb0c28f4a5cfd68490,FAI::FAI,STC::STC,0x0a6fbf3d68c68a0676e5ae90f180668a,add_liquidity,2022-03-05 15:45:29,"(374813261050, 4167444041038)"
4539339,0x4095d66da3a841e948235faa494d857aeacd1d86c2a10821ce485fc3cfa5b796,STC::STC,FAI::FAI,0x1963716286efa85f10e711394beb97a0,add_liquidity,2022-03-05 15:47:47,"(33356162714444, 3000000000000)"
4539416,0x8d3f13b4c5058b2c6bd5ad4a5a2c30912626ad022a5cb0a01e204ef30949396d,STC::STC,STAR::STAR,0xb9c17e73f4d6eac8c88ba0f296fe4ce5,add_liquidity,2022-03-05 15:54:28,"(4014489588563, 14512032553071)"
4539503,0xb313728c9e218ea4103bb9a0f4692b373b7de6c24204a402d094595081fc5c1e,STC::STC,STAR::STAR,0x8da6ffcecb172829ed8b32667dbe9441,add_liquidity,2022-03-05 16:02:17,"(7985308375, 28865456334)"
4539566,0x361fbb7d5460adc3cd45241aa0565a051bb5df83c1faa46ab1c220f159895a6b,STC::STC,FAI::FAI,0x26cceafbe90efbe454531e1bbda56989,add_liquidity,2022-03-05 16:07:01,"(140000000000000, 12591376400083)"
4539635,0xac5f05c8b08dfb40cb23e2d552ed9cf9be0009d9532bd859b7deef367ca8b0f3,STC::STC,STAR::STAR,0x236e3246c470de88dcf2657579d0ad60,add_liquidity,2022-03-05 16:13:00,"(266140047271, 962298523129)"
4539681,0xe028e1fa15464aaf60025943f11e0245daf3c24ea6c4228edc228cb5b9f0594f,STC::STC,STAR::STAR,0x3a9798cef7077ecae747cb10145d12ae,add_liquidity,2022-03-05 16:16:54,"(1368318609660, 4947511623099)"
4539728,0x38bb3636d0d87e2537b59ef5d4e27c39f26534ec6ce102be4cf97d7f3505fd2a,STC::STC,FAI::FAI,0x26cceafbe90efbe454531e1bbda56989,add_liquidity,2022-03-05 16:21:02,"(24547951214157, 2208000000000)"
4536013,0xf35eb131abdf0a36e371df58bb093b58fb13b39e3bc25b0728c4c46d0512fb99,STC::STC,STAR::STAR,0x6b1a630efa3620b1983032313e40d7bb,add_liquidity,2022-03-05 11:09:08,"(68756976069844, 207901158266915)"
4536035,0xc5dfa8547d835de8cd4465db92c7fcde615c2e2b689e7f285ddd26c233ec9a0b,STC::STC,STAR::STAR,0xb9c17e73f4d6eac8c88ba0f296fe4ce5,remove_liquidity,2022-03-05 11:10:49,3600736869272
4536038,0xc404004cd1877b1bbf4eb19114f18a1686e5df36146402b8e9c4c5ab25bd80ea,STC::STC,STAR::STAR,0xe6518350bdca03bf8bf463b76936981b,add_liquidity,2022-03-05 11:11:07,"(32906881902, 100000000000)"
4536054,0xd20bd7d56d50023dea2480ef3f00aec95cff0a488cf036bcaa1a4e534a181f0c,STC::STC,FAI::FAI,0x5838b8241c7f85e8d1445ff0154366c3,add_liquidity,2022-03-05 11:12:33,"(7587239217377, 700000000000)"
4536056,0x945e4b8cdd3b034463a67b8be4510656b15b63b060faf22a1c78c09ed12dba53,STC::STC,STAR::STAR,0x4d676da54966d8f7c6c976df744c7472,add_liquidity,2022-03-05 11:12:40,"(1444000000000, 4420496254491)"
4536091,0xe1ae151450734422f4515965a866ad0a179158897a273413db745ba2974ec167,STC::STC,FAI::FAI,0xc0f4f25c4b2f453f52d66f23e54f8a2f,add_liquidity,2022-03-05 11:15:41,"(7587241266735, 700000000000)"
4536091,0x356e4093c927206e236f8886c3c3a5c339002d9fbb81a2a7a6a14692de63362c,STC::STC,FAI::FAI,0x9b2cbcf941fd50aaf0e58b0e67f5f1ee,add_liquidity,2022-03-05 11:15:41,"(74788521057830, 6900000000001)"
4536112,0x142f9596a1b0b8b0951242da90c98828bbbf776e0836026841f73308a98885b8,STC::STC,FAI::FAI,0xe10d2a152e9cb36e1d4d4a5edbdc39eb,add_liquidity,2022-03-05 11:17:16,"(7839603846511, 700000000000)"
4536112,0xe35d257b62254774cfde8e2ea24f5d8804489aae075a101846bc3ad3e0ea8d3a,STC::STC,FAI::FAI,0x914a322d5a180e3a0e8f2c076b1e4751,add_liquidity,2022-03-05 11:17:16,"(38511700097511, 3438718409254)"
4536142,0x78cb3641509bea84227e32d7836d8e4d049b058748c411e583e84ff9273307dc,STC::STC,FAI::FAI,0x145667af479ac518c0ed88ac7188f5bb,add_liquidity,2022-03-05 11:19:38,"(7839603846511, 700000000000)"
4536218,0x4bcb59e30d4084a1ff0450dc2d589e005d1dbb7888e250288054ace244329e29,STC::STC,STAR::STAR,0xa86c0fdd86072f8a4a36c1eb756defec,add_liquidity,2022-03-05 11:26:08,"(90000000000, 373905427312)"
4536219,0xf30778f4dc0eea043d7c3b565612a18953ed970024657c6134bf957ac7ffb386,STC::STC,STAR::STAR,0x5a5bdf7587386ed006fd17d375e54ce6,add_liquidity,2022-03-05 11:26:10,"(47477863440771, 197247009085689)"
4536255,0xa90f5dfdb75c1d73ed55c68f5e67d6d3d9c0fa1ea6f0575ca39066f7d75728b7,STC::STC,STAR::STAR,0x44bc6adfdc1f718ed2014699b239f035,add_liquidity,2022-03-05 11:29:10,"(998883584580, 4134250128325)"
4536258,0xa614ef4927c0eb9b51fd2a14e50fd1e4ecf8655b2c69aa335a8d6adaa242dda6,STC::STC,STAR::STAR,0xbb0604f4cae35139dbc4789d3fb98403,add_liquidity,2022-03-05 11:29:25,"(31435200436, 130106234044)"
4536263,0x9a604b78f0ca726771ff34d7305e498048a047069cd2f1165b462a44f14fb421,STC::STC,STAR::STAR,0xa86c0fdd86072f8a4a36c1eb756defec,add_liquidity,2022-03-05 11:29:56,"(400000000000, 1655548331013)"
4536286,0x5a248737887bc20d359bb4fa0ce3be342da0a57d6ba2f892784a70a1fe704753,STC::STC,STAR::STAR,0x44bc6adfdc1f718ed2014699b239f035,add_liquidity,2022-03-05 11:31:53,"(319231997249, 1319673160175)"
4536303,0xbde872f1bfb4e9f9fdf849f4d891b7f67cfdc214cd73b14c774ca92d9d6f35fb,STC::STC,STAR::STAR,0xa86c0fdd86072f8a4a36c1eb756defec,add_liquidity,2022-03-05 11:33:07,"(180000000000, 744102003802)"
4536319,0xeb6e88856c6c635f040fc579b91f354a10a31190026f0d2b325e9920e8ede442,STC::STC,STAR::STAR,0x288b1c32870b9478c2613576f28842ac,add_liquidity,2022-03-05 11:34:36,"(50000000000, 206695001056)"
4536330,0x4ee6fb23b8c49f03ded32476ff566af4a5da2f7e9424017b3b4e224b26b99656,STC::STC,STAR::STAR,0xb1f940f2b8171c0b44dee9e2534e753f,add_liquidity,2022-03-05 11:35:22,"(64216008035, 265000000000)"
4536406,0x231a0e885951815f966efbb73017782f1f30c90dce04d5ecf1534ae67ef3ce57,STC::STC,STAR::STAR,0xb1f940f2b8171c0b44dee9e2534e753f,add_liquidity,2022-03-05 11:41:55,"(242340691523, 1000000000000)"
4536412,0x18f9a545de00b405dbbd3b069e27bfeafb9abb7f16d68369ed9d7b44a60b760a,STC::STC,STAR::STAR,0x49d57f18095a3efab174a2ccbc225d14,add_liquidity,2022-03-05 11:42:28,"(1000000000000, 4126422160931)"
4536443,0x9d925fe9fae9690da6e3ff48c54c734b35363e8326c91ca4bd824fe128205a36,STC::STC,STAR::STAR,0xe8c1b784696130e121fa956caff0ace0,add_liquidity,2022-03-05 11:44:40,"(2423443148, 10000000000)"
4536477,0x6f3698b2142b684127c1de9a291c469ce4d7a4a5b06f3ef53796fb3a7bd5c362,STC::STC,STAR::STAR,0xe8c1b784696130e121fa956caff0ace0,add_liquidity,2022-03-05 11:47:18,"(7270872951, 30000000000)"
4536506,0x1d222fea2aa1d9be7bf1270843f9214be6f80be9a3e2fd4fd6ffd95e944ce54c,STC::STC,STAR::STAR,0xb1f940f2b8171c0b44dee9e2534e753f,add_liquidity,2022-03-05 11:50:14,"(3685103406833, 15000003165775)"
4536577,0xff34ba7bbe0f6018166b9f36be8ddcecab6ebe8d4856599903ebb0d3189017f0,STC::STC,STAR::STAR,0x5a5bdf7587386ed006fd17d375e54ce6,remove_liquidity,2022-03-05 11:55:58,98422738047199
4536827,0x982b1ad2649ad0e8872bc07b1878390d39a8c37fa4e3ae37188c1736e317d377,STC::STC,STAR::STAR,0xbd36e5eff5b7840b4643d81db05409b0,add_liquidity,2022-03-05 12:17:14,"(4445713632, 20816997447)"
4536830,0x4d2f66bce03fea7797644515b4e282f83cddc20604f4408212f7f64819c913ae,STC::STC,STAR::STAR,0xb87b11e72aaf8386d46052c371bb0455,add_liquidity,2022-03-05 12:17:29,"(10185618031409, 47694026668252)"
4536857,0x0966d1bac3c62c722886b115a72cc5d65e2533f013ed29d613bf7527a0c4b26b,STC::STC,FAI::FAI,0x08bf0cd79c484514cca26af5277f2310,remove_liquidity,2022-03-05 12:19:58,1586811843556
4536864,0x6833e354e01f73da84e67db9e955c001adc3fd0a88e42c9a30fcdf04c3c944e5,STC::STC,STAR::STAR,0xbd36e5eff5b7840b4643d81db05409b0,add_liquidity,2022-03-05 12:20:35,"(99721222442, 466744875622)"
4536944,0x9934d44c359aaa0e0fc91bf2ddcb4176b04aac96c029a6a71c45ab6f30e8c7ff,STC::STC,STAR::STAR,0xc2d50b7909392faa2a7b353675ce8ad9,add_liquidity,2022-03-05 12:26:52,"(2509359881590, 11622903444414)"
4536994,0x87479d30a5ec3414719a04d53758b8aad031c5cbeed2c818de5ef8355f465958,STC::STC,STAR::STAR,0xa2cc5860ce18bfa077a89a3c9b237b6a,add_liquidity,2022-03-05 12:31:14,"(526557279904, 2438918573290)"
4536999,0x43bf8d2ad094184de8948dfd69ea6cba258e774db4d8ecc134cbe3570439a43f,STC::STC,STAR::STAR,0xbd36e5eff5b7840b4643d81db05409b0,add_liquidity,2022-03-05 12:31:34,"(4487776436, 20786179987)"
4535004,0xdb9bbddb4da9f9dfa985835aa88911a18c82271e959b04a992731ef15addb463,STC::STC,STAR::STAR,0x6e9b83adaa64f901048ae4bead8a1016,add_liquidity,2022-03-05 09:43:57,"(9970544499, 95892333874)"
4535092,0x081a9242b06a6254c707287885b39cdf2a499905c9fad03503d39bb30866ce01,STC::STC,FAI::FAI,0x0c357315f9351540114596324f41006e,remove_liquidity,2022-03-05 09:51:35,620661908705
4535105,0x796e0703882bd795fc0545e6252f2820de45fa627e05c15e28940a5b7cc900c9,STC::STC,FAI::FAI,0x5e3596e11c09fb16790e8310d8e3bff1,add_liquidity,2022-03-05 09:52:59,"(1000000000000, 103828706354)"
4535127,0xaf8fadcce33dc29db909e2a59de97c6f000b0262adcc3c4749fac66e00c6f7d1,STC::STC,FAI::FAI,0x8769fe40ff8c86661e1a47b88017e7c5,add_liquidity,2022-03-05 09:54:38,"(6388082700988, 663266362926)"
4535129,0x02f8de9521caaac7c991e425d96b30a7047179340f0f8a8a2f8588f79ad9a4ea,STC::STC,FAI::FAI,0x0c357315f9351540114596324f41006e,add_liquidity,2022-03-05 09:54:51,"(963400000000000, 100000000000000)"
4535135,0x1a587d7261472e60d344b59dd0da6d52a5c598e4cf4ab0cff503a05873ff6af0,STC::STC,FAI::FAI,0x3b990f9b6f9e6175e9f9535f9fa28f50,add_liquidity,2022-03-05 09:55:14,"(2889374341018, 300000000000)"
4535135,0xe77108cacb8faa260dea763452251fa57942a4be70ff0350df8ec193c018d32b,STC::STC,STAR::STAR,0x890c7d48c047d01dea2a06b9dd025032,add_liquidity,2022-03-05 09:55:14,"(1736608330437, 7653307884983)"
4535135,0xdf2aafdcb2f9db1f640cbd1b190334e48f1c244a08b886a3c042c327941cbdcb,STC::STC,STAR::STAR,0x1a2ecc6dc8dd51fa0ff56f8bcb3f8971,add_liquidity,2022-03-05 09:55:14,"(1138927339554, 5000831564257)"
4535137,0x57f8a648088e9202771bc779d59dfd3a95b3b90298ff521026b6fa8463fe26a7,STC::STC,STAR::STAR,0x0744f9f0867b8a47873e3a871d182fd6,add_liquidity,2022-03-05 09:55:30,"(1138605598730, 5000000000000)"
4535140,0x69f52bae6eb3506dcbb10ccec74ee13da1edef356e050113fdb0c9bcb62a8727,STC::STC,FAI::FAI,0x0d735c4ba0f540cbb287312f3e137596,add_liquidity,2022-03-05 09:55:50,"(1007873521252, 104646203880)"
4535140,0x912e39e5849817365a6c869d7cce021e33aef8facc077a8b36ed08aceadce61b,STC::STC,STAR::STAR,0x7720c55f855810085d25a95daf1305aa,add_liquidity,2022-03-05 09:55:50,"(502894380547, 2192870176454)"
4535143,0xa517fe529eee0e6907bd3eaf8e6626568c3bfaf18fa63ee0513281b86aecc63b,STC::STC,FAI::FAI,0xbfee7b54e271648e93eb23b4e71a4f50,add_liquidity,2022-03-05 09:56:04,"(5469927156025, 567935460460)"
4535146,0xc5a888fe218afaf9b92c56468228d6b9a22f7f67c898ad5c0483a380ea505ec1,STC::STC,FAI::FAI,0x5e3596e11c09fb16790e8310d8e3bff1,add_liquidity,2022-03-05 09:56:18,"(16254536808596, 1687687529218)"
4535146,0x2d495d490229d070205678ea9dae4f4a8d7f2edd26df5a17aec0de5664d40077,STC::STC,STAR::STAR,0xce4149b80c11b71bac6f3d9ee22fc952,add_liquidity,2022-03-05 09:56:18,"(2438595011602, 10945237351661)"
4535146,0x5f8f7feb1c1520c1ac51a91e77c491bf7152be7ac23892476700599fd2ab95e9,STC::STC,STAR::STAR,0x40a23a5490466de08ee93f1babe93a9d,add_liquidity,2022-03-05 09:56:18,"(6843812533425, 30717340194754)"
4535149,0xbca821f39bb8844b0fda96bf9cfe7e1a5c44a54eb0756d97a8178a1659f617ec,STC::STC,STAR::STAR,0x4085ef7a265047f5f88045dc691349d1,add_liquidity,2022-03-05 09:56:36,"(7000000000000, 31418362252485)"
4535156,0x5eb36206facb083607d9a7bd3cf67365c4c879319df2bc61c6d77ddfbd4527a0,STC::STC,FAI::FAI,0x9749fb17f65fe5f5b83ded7b69436582,add_liquidity,2022-03-05 09:56:58,"(10996958741915, 1141800000000)"
4535159,0x8e83d4a1c79acc082442ac8e6b6979830e771434b0dce4548e40edb7cc6a101e,STC::STC,STAR::STAR,0x2370df831df9220a9814f484893c97fe,add_liquidity,2022-03-05 09:57:10,"(12108072996783, 49203911197303)"
4535160,0x96970a2a7f880d63e37eb2dd2b9a18c95a608dddd15914349bc499eca62fb10e,STC::STC,STAR::STAR,0x6bf40816f188ba5a49c523d579d7442b,add_liquidity,2022-03-05 09:57:16,"(1881466198774, 7653307884983)"
4535161,0xcf5c9b2bc3d8b5aaa2bceeb63882d03a8ec4e9308b954a666ba0e8369fd49746,STC::STC,STAR::STAR,0xeef563ec3e3547425f8ed3caf923c577,add_liquidity,2022-03-05 09:57:24,"(2600000000000, 10576113731897)"
4535162,0x8bb126d90d10d47cef1642bf86bc2e644497574767ad4cd7a4ca6a3937a675a5,STC::STC,STAR::STAR,0x9749fb17f65fe5f5b83ded7b69436582,add_liquidity,2022-03-05 09:57:27,"(1881466198774, 7653307884983)"
4535163,0xc5eeb53059d0858fb4ff805a5795c4db0f697aed5011daad11f54709a8433afe,STC::STC,STAR::STAR,0x5838b8241c7f85e8d1445ff0154366c3,add_liquidity,2022-03-05 09:57:43,"(1881466198774, 7653307884983)"
4535167,0x7ed0cf5479d7757996be4d06d499e1c1dc9e00fa765672ffe54b5c8563adbd71,STC::STC,STAR::STAR,0x5813cb31f8b9767403cb56da42ca0ea7,add_liquidity,2022-03-05 09:58:08,"(6616620644161, 25945730270247)"
4535168,0x4df9b04afd567cdddff5e150e274df0e6489fb8aedfe5f19200e5167d4071af6,STC::STC,STAR::STAR,0xd290d389077f6ba404520cf2a40a6f46,add_liquidity,2022-03-05 09:58:17,"(1944723142138, 7653307884983)"
4535184,0xed479d793efccde7b5f3f7dd2f9e322a8ca9be366888e34c73f5caededf4b241,STC::STC,STAR::STAR,0xc0f4f25c4b2f453f52d66f23e54f8a2f,add_liquidity,2022-03-05 09:59:36,"(1796464473448, 7653307884983)"
4535188,0x0ef9cdf12a41034eafab7a79068a4f132e41474f29e2cceb9cad2a190dad3c99,STC::STC,FAI::FAI,0x40a23a5490466de08ee93f1babe93a9d,add_liquidity,2022-03-05 09:59:48,"(3408084980417, 345663319382)"
4535191,0xebbba32b717d85d109d5a8a717ecf4a4a1769898df3d0c55ed581e8cdb3f1283,STC::STC,FAI::FAI,0x3b990f9b6f9e6175e9f9535f9fa28f50,add_liquidity,2022-03-05 10:00:07,"(12000000000000, 1217094015089)"
4535193,0xc8a4112a217c9e95a3f060a3afe2edb9074c5da77fb237cfeedccc225bcc3e4a,STC::STC,STAR::STAR,0xe10d2a152e9cb36e1d4d4a5edbdc39eb,add_liquidity,2022-03-05 10:00:17,"(1784675797458, 7653307884983)"
4535196,0x042df36a3e96a744f239c4992cc31be35cef3a7956e1b02aa7a0393e077b9192,STC::STC,FAI::FAI,0x2370df831df9220a9814f484893c97fe,add_liquidity,2022-03-05 10:00:28,"(20448707898840, 2074000000000)"
4535200,0x182e436fc8962aba8d1a9e5519e3875fd3c8ec7b47448721ecbb0870e0a77b9c,STC::STC,FAI::FAI,0x0a6fbf3d68c68a0676e5ae90f180668a,add_liquidity,2022-03-05 10:01:03,"(517133427817, 52450000000)"
4535202,0x92ea32d9154e28958c90cfce8e55f72148d8f4f28e10513e98080d291e215a63,STC::STC,FAI::FAI,0xc664acb6f912d8d2e4e19a965e385c63,add_liquidity,2022-03-05 10:01:22,"(49297752890166, 5000000000000)"
4535208,0x9d3780b9ab308ad68a2a528f1f464a5a3338a844b67b93e8d09a0a692dba6e15,STC::STC,STAR::STAR,0x145667af479ac518c0ed88ac7188f5bb,add_liquidity,2022-03-05 10:01:39,"(1655262149354, 7653307884983)"
4535210,0x025f75e8facdfbaef7a9edf0031f7c94e364a789b07cb74c2979506cbf62523a,STC::STC,STAR::STAR,0x7720c55f855810085d25a95daf1305aa,remove_liquidity,2022-03-05 10:01:48,1033002493426
4535210,0x75f43efbbd07ff18f5629efaefb726c6684030f60dc4e0ed08992a43d75d98b8,STC::STC,STAR::STAR,0x298019b7255d997a73dc933a6b8ff514,add_liquidity,2022-03-05 10:01:48,"(1000000000, 4623622843)"
4535210,0x48686a623cb529ca4a416e2bea0cb965a870efb75da93674fee2e3d64102533d,STC::STC,STAR::STAR,0xbfee7b54e271648e93eb23b4e71a4f50,add_liquidity,2022-03-05 10:01:48,"(14323433688911, 66226155194881)"
4535213,0xa1e2f7d09d1ad55d70ba10253dafef6da34f947184fe019aa402db557e8aba33,STC::STC,STAR::STAR,0x5813cb31f8b9767403cb56da42ca0ea7,remove_liquidity,2022-03-05 10:02:05,13064754722372
4535219,0x20005b5d8f984e1ca62c06cec58775f83e9bfef42810a1c7f602cb969518fd7e,STC::STC,STAR::STAR,0xe04f76149478e91c2f87a8fc71395de2,add_liquidity,2022-03-05 10:02:39,"(10704718237, 50000000000)"
4535219,0x00c47f9a1f5c91ecae705a537cc1d07e7b7e1f15108f0117678b30ec81fb0928,STC::STC,STAR::STAR,0x96e199f07e3f563629038010824537c9,add_liquidity,2022-03-05 10:02:39,"(5353672445506, 24883000000000)"
4535221,0x48452a9aa3bbcfb24b097f9db8e9cbf427763ab8f25940f3921b64b571dd65d6,STC::STC,STAR::STAR,0xe8983a9f192f1777f0d0bae1d1deb0e3,add_liquidity,2022-03-05 10:02:49,"(588969626269, 2737435164300)"
4535222,0x6a8e39e5ff2af408b4466936b78de6772594bdf02c10a9e2f1aacdb1ccd92834,STC::STC,FAI::FAI,0x8769fe40ff8c86661e1a47b88017e7c5,add_liquidity,2022-03-05 10:02:52,"(6901685404633, 700000000001)"
4535235,0xbe395566d8a1177b658d1ca4df13c418071741727168c6cb648866d521df1d8c,STC::STC,STAR::STAR,0x40a23a5490466de08ee93f1babe93a9d,remove_liquidity,2022-03-05 10:03:51,14484737424071
4535240,0x94fce4ff110fdfe11bb761b76e5415de8ed680fccf5a44bc14147a9a9f92fafb,STC::STC,FAI::FAI,0x08bf0cd79c484514cca26af5277f2310,add_liquidity,2022-03-05 10:04:28,"(498724103753, 50534433580)"
4535240,0xa7c1a3c5ecaa5b2d7b35754b82981e8d934292335c8cfdd210d395d8ef17efa2,STC::STC,FAI::FAI,0x0a6fbf3d68c68a0676e5ae90f180668a,add_liquidity,2022-03-05 10:04:28,"(3405460985812, 345066622410)"
4535247,0x522173fce0c9cd58dabed8d2e07e12500093bd0b2b67b3f654301b2f9dd3dc1a,STC::STC,FAI::FAI,0x298019b7255d997a73dc933a6b8ff514,add_liquidity,2022-03-05 10:04:42,"(986899562, 100000000)"
4535250,0x8eddc061c0088bad692b9efa26792844e940d786b3f0721373ad05e326e686f0,STC::STC,STAR::STAR,0x0744f9f0867b8a47873e3a871d182fd6,remove_liquidity,2022-03-05 10:04:59,2375342957162
4535259,0xcce7c6028572e8d9fd403ebb5e9b027967bb3d1fae49f84a45d75e72ce6cdbf7,STC::STC,FAI::FAI,0x9b2cbcf941fd50aaf0e58b0e67f5f1ee,add_liquidity,2022-03-05 10:05:43,"(592139737311, 60000000000)"
4535260,0xd6ba72529859458f5520c03a14331aaa87a63dbd608c7fb3ba4608924ef66aa7,STC::STC,STAR::STAR,0x1653056a78c051ddcf797318ae64beef,add_liquidity,2022-03-05 10:05:52,"(4985080281, 24899335115)"
4535267,0x441dddd6c08158cb04a41b3d646d39722f415816fb8ef05821808d99b62c29de,STC::STC,STAR::STAR,0xeef563ec3e3547425f8ed3caf923c577,remove_liquidity,2022-03-05 10:06:26,5238315464089
4535273,0xdd831d8ff66130934aef0052043bffd1dad85b175a20b48646036f7229c321f8,STC::STC,STAR::STAR,0xe8983a9f192f1777f0d0bae1d1deb0e3,add_liquidity,2022-03-05 10:06:55,"(7385032281088, 39536085700604)"
4535274,0x89e2cc1a56557ef56545b44a4133151c5d4f0dcab3d20eb00c3c5850a2baf641,STC::STC,STAR::STAR,0x581367e9e962ee249fbd6e9ef3e0ff99,add_liquidity,2022-03-05 10:06:59,"(1419620691873, 7600000000000)"
4535280,0x6da7c2720a423409829d04057a2ff76d121772fb48d0f3344eeccf860a1d3e8d,STC::STC,FAI::FAI,0xe04f76149478e91c2f87a8fc71395de2,add_liquidity,2022-03-05 10:07:38,"(59213973731, 6000000000)"
4535291,0xc6dab35692033506e525b44b0e7ef6be10e2a19f73b2dec1dd07593ead47caa2,STC::STC,STAR::STAR,0x96e199f07e3f563629038010824537c9,add_liquidity,2022-03-05 10:08:29,"(1414286873153, 7654000000000)"
4535291,0xb4548ff104fbb51280deedfd9e383eec83115f6fc38921ce9aae54f99f8a9fc1,STC::STC,STAR::STAR,0xe8983a9f192f1777f0d0bae1d1deb0e3,add_liquidity,2022-03-05 10:08:29,"(1301660909632, 7044477885957)"
4535307,0xa896052a564dc30fe60599fd9416b39d5c931443e737ccf9d4aa8f78ffcf62a1,STC::STC,STAR::STAR,0x9b2cbcf941fd50aaf0e58b0e67f5f1ee,add_liquidity,2022-03-05 10:09:35,"(281874338405, 1530000000000)"
4535308,0x9984cb41e36b537c22c8327892bb51c024e20757b6350d5c1f38a2054fb8b2bb,STC::STC,FAI::FAI,0x08bf0cd79c484514cca26af5277f2310,add_liquidity,2022-03-05 10:09:46,"(4504570213203, 452786411494)"
4535316,0xb8a2f1db3d1877eec42289c46e44c804615c9c3a73c7061c3c2142901b77939b,STC::STC,STAR::STAR,0x5a5bdf7587386ed006fd17d375e54ce6,add_liquidity,2022-03-05 10:10:19,"(800000000000, 4345823686668)"
4535326,0x7595c91b43a15ce0f5b476a19269d94dd76094924c2a583044a23952b3ab5a23,STC::STC,FAI::FAI,0xfaadbe019f379e850e5aceb4a68c4aaa,add_liquidity,2022-03-05 10:11:19,"(8438349138769, 848198528303)"
4535331,0xe86bb9408b772142106f75da73d52298aa9ddf6498a8250392578a5953934031,STC::STC,FAI::FAI,0x40a23a5490466de08ee93f1babe93a9d,add_liquidity,2022-03-05 10:11:49,"(3170999837108, 318739761872)"
4535331,0x27612374e7f0d0c02274635710958195e02eb1afd8fcffaf1e0f08a8748b50ad,STC::STC,STAR::STAR,0x26cceafbe90efbe454531e1bbda56989,add_liquidity,2022-03-05 10:11:49,"(912523200459, 5000000000000)"
4535337,0xd48b13de6788bcb87aa96e5c171c6ee86e517154ca9b328a2a35086a1a2f4763,STC::STC,STAR::STAR,0x1a2ecc6dc8dd51fa0ff56f8bcb3f8971,remove_liquidity,2022-03-05 10:12:44,2384135082076
4535339,0x439737fbc4bd334eabd67726c69e0ed4d18ebc64c08ce6d57b71c7dd38ebcc56,STC::STC,FAI::FAI,0xbfee7b54e271648e93eb23b4e71a4f50,add_liquidity,2022-03-05 10:12:53,"(20290473607701, 1969776316383)"
4535342,0x5f2c1d915dc6699e5a56d8c15aab2adc31666b91682c3a7b6abd3f294cdf7dd5,STC::STC,STAR::STAR,0x35312da024d45453b7f79d052f1b83aa,add_liquidity,2022-03-05 10:12:59,"(1825046400, 10000000000)"
4535351,0xfc6e57728cc6e50c1d53b5acb7c092fdcb85df77417cb9261908194fa389cdb3,STC::STC,STAR::STAR,0x0a6fbf3d68c68a0676e5ae90f180668a,add_liquidity,2022-03-05 10:13:35,"(18057033381, 100017308795)"
4535369,0x12eb332cdd3be26f56b2eedf832d5de992aae0a458d7672646427282ff861105,STC::STC,FAI::FAI,0xc664acb6f912d8d2e4e19a965e385c63,add_liquidity,2022-03-05 10:14:53,"(41206500100135, 4000280602000)"
4535385,0x9ec5594ba9e78f7996c2e9aa20506889ff830710a83b88b2a0eb3c90f1430313,STC::STC,FAI::FAI,0x1a2ecc6dc8dd51fa0ff56f8bcb3f8971,add_liquidity,2022-03-05 10:15:59,"(411832509829, 39980236039)"
4535391,0x50149183efeb0ad2cf4e35e9a485e41d3bb2cee5bdc23ac92049877cf238866d,STC::STC,STAR::STAR,0x26cceafbe90efbe454531e1bbda56989,add_liquidity,2022-03-05 10:16:47,"(1795473860600, 10000000000000)"
4535393,0x58b9a9d891c450c88dd0dd8f1d3a6fb72aa9d35a86dfe89bab0f41499c9a47ba,STC::STC,FAI::FAI,0x91ac0ee4f6421421b07cd0d0d9d0ca73,add_liquidity,2022-03-05 10:17:03,"(44304386981018, 4301019969980)"
4535397,0x307b1a681adbb48c012e514bef8258ac09da8d7c29b1658841ae1daf49ba7b48,STC::STC,STAR::STAR,0xe04f76149478e91c2f87a8fc71395de2,add_liquidity,2022-03-05 10:17:22,"(538642158, 3000000000)"
4535398,0xb7a1f85f0855b3d6bafff6898c916146fe503efee3224750cf50cb0a962652d5,STC::STC,STAR::STAR,0x535e864450f140b6ba4cebefc0827243,add_liquidity,2022-03-05 10:17:40,"(175894650446, 979655868606)"
4535399,0x4d212d7c63495d690142848f51ced187b59831fe0504445ce12a63cb73dfcff5,STC::STC,FAI::FAI,0xe04f76149478e91c2f87a8fc71395de2,add_liquidity,2022-03-05 10:17:51,"(5158888646, 500000000)"
4535400,0x4fd9166073884ca365e86a9512f564309912279ea5e880fe5c84feb4829951d4,STC::STC,FAI::FAI,0xf77d889d6677bf38f23b5584c69d1c3f,add_liquidity,2022-03-05 10:17:56,"(997817327942, 96708554526)"
4535400,0x37418727974229507b4cb3d734c6143b654df723e42026078feba6559a3a2be9,STC::STC,STAR::STAR,0x5d2b0cd44dd24ab3c4f490dad0f1189d,add_liquidity,2022-03-05 10:17:56,"(989306097190, 5510000000000)"
4535402,0x89ca11f4b446dc75d31ab44c67d74664a7566a7884b9a1e90baa3d1102e49aaf,STC::STC,STAR::STAR,0x26cceafbe90efbe454531e1bbda56989,add_liquidity,2022-03-05 10:18:02,"(3590947721200, 20000000000000)"
4535419,0x44f9fceb825605e6fc5638ea2b6793dfeba456ae329683d3b6baafe4998390ae,STC::STC,FAI::FAI,0xbfee7b54e271648e93eb23b4e71a4f50,add_liquidity,2022-03-05 10:18:57,"(21038039483499, 2039008876209)"
4535428,0x255a450206518a6298edc681798975830fa9414d9b80e1a9f0615dc887a36333,STC::STC,STAR::STAR,0x26cceafbe90efbe454531e1bbda56989,add_liquidity,2022-03-05 10:19:58,"(3680147801121, 20000000000000)"
4535433,0xdd0e6136759b2ab2a2625d7557586fa0f452f47581dfdaae83ab333a4b7f881c,STC::STC,STAR::STAR,0x35312da024d45453b7f79d052f1b83aa,add_liquidity,2022-03-05 10:20:16,"(99934433803, 541654270861)"
4535433,0x09507f8fd8cb2c7c344493d44b93d3b17948ca78be946381f4f5afe1376c33af,STC::STC,STAR::STAR,0xf77d889d6677bf38f23b5584c69d1c3f,add_liquidity,2022-03-05 10:20:16,"(319342502998, 1730986456512)"
4535437,0xccc6b03a96fcb9979ba3d9885e50d21fe012a35be696efce43e968749d2f12e8,STC::STC,STAR::STAR,0x26cceafbe90efbe454531e1bbda56989,add_liquidity,2022-03-05 10:20:49,"(3506971630320, 19009434505128)"
4535445,0x563ab0302c610a20673f94b2733dc270cafa3098f3a2590f60811f6751984967,STC::STC,FAI::FAI,0x5d2b0cd44dd24ab3c4f490dad0f1189d,add_liquidity,2022-03-05 10:21:21,"(5004363627099, 481281890090)"
4535455,0x9d7b08e3236f8ba5cecde7cce4c09f5e8cd6deb5ffdcc76fdb5cdaa860922bb0,STC::STC,FAI::FAI,0x99a2babc0cebd310720e887488a249e2,add_liquidity,2022-03-05 10:22:31,"(10046857014904, 951522509066)"
4535456,0xfc631c68d5299b6066302ba1ab5f660dcfc7be5be6bfafd7e7f7c69ab03cbd99,STC::STC,FAI::FAI,0xbfee7b54e271648e93eb23b4e71a4f50,add_liquidity,2022-03-05 10:22:35,"(21666481668422, 2051999443128)"
4535485,0x5ece7dde8bb40d79985261e2c49ad552985740b71370eb02ad19b93fccff4c53,STC::STC,STAR::STAR,0x5d2b0cd44dd24ab3c4f490dad0f1189d,add_liquidity,2022-03-05 10:24:57,"(3734372141, 20000000000)"
4535518,0xd05347720c9bf6bc1e4d3b5dcfea63ea78dfb7ef6f4c78448820aa84976f273f,STC::STC,STAR::STAR,0x04335f23862c189069639a1bfe651399,add_liquidity,2022-03-05 10:27:23,"(532890963833, 2862843157435)"
4535526,0x72d1e2acecb8df463cc4ec69af9d2f2e19a24eb4c3ccc1ca45d832fca925f535,STC::STC,FAI::FAI,0x890c7d48c047d01dea2a06b9dd025032,add_liquidity,2022-03-05 10:28:03,"(7391101990153, 700000000000)"
4535538,0x0f4680e19aa2416e182bf9790a7927fdbc54eca615589c844384b6631cf9e14f,STC::STC,FAI::FAI,0xbfee7b54e271648e93eb23b4e71a4f50,add_liquidity,2022-03-05 10:29:09,"(21291622616808, 2016497113911)"
4535550,0xecdc609e1aa020b301234cb90d8021fe042cb9c73ce79688c772d999f1c25c27,STC::STC,FAI::FAI,0xd290d389077f6ba404520cf2a40a6f46,add_liquidity,2022-03-05 10:30:04,"(7391101990153, 700000000000)"
4535566,0x55f54a3a3e8dbb9d2de9d6efcd354ce0197e4c9dd1876085a28e6af241f8d382,STC::STC,FAI::FAI,0x581367e9e962ee249fbd6e9ef3e0ff99,add_liquidity,2022-03-05 10:31:11,"(5320204511581, 500000000000)"
4535570,0x644a51768de00c10130a9a1950aae62a1c93944d6b40627d13f278c67567e56c,STC::STC,STAR::STAR,0xa44004308188a371af871c32d3c93188,add_liquidity,2022-03-05 10:31:46,"(21824723518, 117248676797)"
4535584,0xc2924b6fc5729b7ebecc6dca7917681026380b23bfcf0817324526ba9dd0920e,STC::STC,FAI::FAI,0x6bf40816f188ba5a49c523d579d7442b,add_liquidity,2022-03-05 10:32:57,"(7448286316213, 700000000000)"
4535591,0x3764226cbe75cbabe8d83e9735407d57e2de99e84ea8b6e137bf97052c151ca4,STC::STC,FAI::FAI,0xb01a3b6cd6a2beb1de4198e9c3f38ab4,add_liquidity,2022-03-05 10:33:53,"(3656753900953, 343666666666)"
4535604,0x2b5c799b87d2f663ab1f024e559e875426fb51d48d122865f7a9f9e80f1c1bfb,STC::STC,FAI::FAI,0x9749fb17f65fe5f5b83ded7b69436582,remove_liquidity,2022-03-05 10:34:33,3543358837945
4535629,0x02e12d469a949e5d8fbdc5ffe816be9c3df826d71944043572c87a9e86e97061,STC::STC,FAI::FAI,0x49d57f18095a3efab174a2ccbc225d14,add_liquidity,2022-03-05 10:36:49,"(11055896016729, 1038000000000)"
4535646,0xbf50b82c3c5cef770a7fac4886e9f365efd02b8a2a5c49e8c85730b8eb3f23eb,STC::STC,FAI::FAI,0xbfee7b54e271648e93eb23b4e71a4f50,add_liquidity,2022-03-05 10:37:56,"(14895591755311, 1398495808808)"
4535663,0x0127bf9c1ee649517b06a65587ee7bb2f065ffdb0aaa992e412e60da9bc5b7bd,STC::STC,STAR::STAR,0x9749fb17f65fe5f5b83ded7b69436582,add_liquidity,2022-03-05 10:39:31,"(21127515663817, 96824225720577)"
4535683,0xad0a89e7285c154593346b28640b4d0381e7fe67fded4a62e529bad41e1e0b13,STC::STC,STAR::STAR,0x04335f23862c189069639a1bfe651399,remove_liquidity,2022-03-05 10:41:07,1233366135085
4535697,0xf30fa4a8e07f1c86d6b58d5f981e877272b434ac645ee734f3702a3e774cb060,STC::STC,STAR::STAR,0xe34fdec2d1dfc69064bb203b129818a3,add_liquidity,2022-03-05 10:42:21,"(999534772675, 4501187232855)"
4535732,0xc5a904659a178eebf26248b792659abd6d28e9c84f650db035e28852827a69d0,STC::STC,STAR::STAR,0xb9c17e73f4d6eac8c88ba0f296fe4ce5,add_liquidity,2022-03-05 10:45:25,"(1699495480035, 7653307884983)"
4535747,0x91a4ccaebee0e93a9095bd3a573ee400e1a4f6e3db7455e28d798b30e152d4c6,STC::STC,STAR::STAR,0xe34fdec2d1dfc69064bb203b129818a3,add_liquidity,2022-03-05 10:46:40,"(4028153371845, 17771473624754)"
4535760,0x6c71f4f93096bd6ef0ed9ed4a544cddbf8c9f443e0e673db8f0186249ebc2802,STC::STC,FAI::FAI,0x16c18267bc7066489b300ea431c08ee9,add_liquidity,2022-03-05 10:47:49,"(106511522319, 10000000000)"
4535765,0x806bfbc627f8d2e8915785e9104a45a39698eb344c81debdc0d8fa555ba63626,STC::STC,FAI::FAI,0x236e3246c470de88dcf2657579d0ad60,add_liquidity,2022-03-05 10:48:23,"(734929504002250, 69000000000000)"
4535810,0x5c26cebda16273b7148cc71de71dbf47d9b29f72bcefe31c625b4b2beb1b21b6,STC::STC,STAR::STAR,0xb01a3b6cd6a2beb1de4198e9c3f38ab4,add_liquidity,2022-03-05 10:51:57,"(822797376832, 3642926207795)"
4535819,0x2bc33d960b2786b5ea7e685e78e71d96dc563342cdab7021f2f30d114bf570f1,STC::STC,STAR::STAR,0xd4aebcce7cbac2c6823c073e4aaa5450,add_liquidity,2022-03-05 10:53:03,"(230000000000, 1017161667466)"
4535822,0x82b57d8a461acf3c8f86022d2d94f313c6ef3189a510c9f45ed9ba33440726cd,STC::STC,FAI::FAI,0x9b2cbcf941fd50aaf0e58b0e67f5f1ee,add_liquidity,2022-03-05 10:53:13,"(2130230446394, 200000000001)"
4535840,0xb372b51e4fa0a6278e23fed84c449ac9bb4765b24148bb8c953f0bb7c8ccf6ca,STAR::STAR,STC::STC,0x4d676da54966d8f7c6c976df744c7472,add_liquidity,2022-03-05 10:54:14,"(418176742835, 94557879959)"
4535889,0x0f2183261d2468911472df4bd76204fab6fad4b1fd4fef413a3202e1ce2be49d,STC::STC,STAR::STAR,0x2370df831df9220a9814f484893c97fe,add_liquidity,2022-03-05 10:58:35,"(20988879731815, 86611571100522)"
4535896,0xe39b94c4a8980274b617ee354a7599a3987e953c8a87bd2223365c2937680773,STC::STC,FAI::FAI,0x61946b015582a4d72d26d15d7af78cc0,add_liquidity,2022-03-05 10:59:12,"(13143521854185, 1234000000000)"
4535910,0xf2c9fa9588350dd221d1e1121505fc22468f63df7ab56babafaac1510d8d07e6,STC::STC,STAR::STAR,0x236e3246c470de88dcf2657579d0ad60,add_liquidity,2022-03-05 11:00:28,"(2417995009258, 10000000000000)"
4535923,0xbc4661d49d5bf53bb7475322040b640e39c17209545b03665269137ff3bc14d3,STC::STC,STAR::STAR,0x236e3246c470de88dcf2657579d0ad60,add_liquidity,2022-03-05 11:01:32,"(860196006109, 3559000000000)"
4535936,0x1d36756e34f304a9f43a56b9391f855fd723d5269abf26ffeb7dc364aaefb37a,STC::STC,FAI::FAI,0xb01a3b6cd6a2beb1de4198e9c3f38ab4,add_liquidity,2022-03-05 11:02:43,"(19109430327558, 1763041953913)"
4535994,0xb4fcd22cd75212cab1f8ad82bb4f5c849803d53ab3b53bc42da49109998ca592,STC::STC,FAI::FAI,0x9b2cbcf941fd50aaf0e58b0e67f5f1ee,add_liquidity,2022-03-05 11:07:26,"(10188563277269, 940000000001)"
4535999,0x7060d546c1e9e513512a8bf1328b94206b8585e3fde9a3cc6db0e881ec68f5a4,STC::STC,STAR::STAR,0x6b1a630efa3620b1983032313e40d7bb,add_liquidity,2022-03-05 11:07:45,"(452000000000, 1860084930319)"
